{
	"info": {
		"_postman_id": "adc8ae76-8bff-437e-bb78-945081fe11da",
		"name": "AltoroJ REST API-1",
		"schema": "https://schema.getpostman.com/json/collection/v2.1.0/collection.json"
	},
	"item": [
		{
			"name": "login",
			"item": [
				{
					"name": "Login method",
					"event": [
						{
							"listen": "test",
							"script": {
								"exec": [
									"var jsonData = JSON.parse(responseBody);",
									"var AuthorizationToken = jsonData[\"Authorization\"];",
									"console.log(AuthorizationToken);",
									"pm.variables.set(\"AuthorizationToken\", AuthorizationToken);"
								],
								"type": "text/javascript"
							}
						}
					],
					"request": {
						"auth": {
							"type": "noauth"
						},
						"method": "POST",
						"header": [
							{
								"key": "Content-Type",
								"value": "application/json"
							}
						],
						"body": {
							"mode": "raw",
							"raw": "{\n    \"username\": \"jsmith\",\n    \"password\": \"demo1234\"\n}"
						},
						"url": {
							"raw": "{{baseUrl}}/login",
							"host": [
								"{{baseUrl}}"
							],
							"path": [
								"login"
							]
						},
						"description": "After a successful login a token is returned. This is a Bearer token. To authenticate with it use the Authorization header and set value to Bearer empty space and the token value."
					},
					"response": [
						{
							"name": "Success message when login is complete",
							"originalRequest": {
								"method": "POST",
								"header": [
									{
										"key": "Content-Type",
										"value": "application/json"
									}
								],
								"body": {
									"mode": "raw",
									"raw": "{\n    \"username\": \"<string>\",\n    \"password\": \"<string>\"\n}"
								},
								"url": {
									"raw": "{{baseUrl}}/login",
									"host": [
										"{{baseUrl}}"
									],
									"path": [
										"login"
									]
								}
							},
							"status": "OK",
							"code": 200,
							"_postman_previewlanguage": "text",
							"header": [
								{
									"key": "Content-Type",
									"value": "text/plain"
								}
							],
							"cookie": [],
							"body": ""
						},
						{
							"name": "Bad parameters: Please check provided values",
							"originalRequest": {
								"method": "POST",
								"header": [
									{
										"key": "Content-Type",
										"value": "application/json"
									}
								],
								"body": {
									"mode": "raw",
									"raw": "{\n    \"username\": \"<string>\",\n    \"password\": \"<string>\"\n}"
								},
								"url": {
									"raw": "{{baseUrl}}/login",
									"host": [
										"{{baseUrl}}"
									],
									"path": [
										"login"
									]
								}
							},
							"status": "Bad Request",
							"code": 400,
							"_postman_previewlanguage": "text",
							"header": [
								{
									"key": "Content-Type",
									"value": "text/plain"
								}
							],
							"cookie": [],
							"body": ""
						},
						{
							"name": "Internal server error: Please see error message or logs for details",
							"originalRequest": {
								"method": "POST",
								"header": [
									{
										"key": "Content-Type",
										"value": "application/json"
									}
								],
								"body": {
									"mode": "raw",
									"raw": "{\n    \"username\": \"<string>\",\n    \"password\": \"<string>\"\n}"
								},
								"url": {
									"raw": "{{baseUrl}}/login",
									"host": [
										"{{baseUrl}}"
									],
									"path": [
										"login"
									]
								}
							},
							"status": "Internal Server Error",
							"code": 500,
							"_postman_previewlanguage": "text",
							"header": [
								{
									"key": "Content-Type",
									"value": "text/plain"
								}
							],
							"cookie": [],
							"body": ""
						}
					]
				},
				{
					"name": "Check if any user is logged in",
					"request": {
						"auth": {
							"type": "noauth"
						},
						"method": "GET",
						"header": [
							{
								"key": "Authorization",
								"value": "{{AuthorizationToken}}",
								"description": "Authorization token (provided upon successful login)"
							}
						],
						"url": {
							"raw": "{{baseUrl}}/login",
							"host": [
								"{{baseUrl}}"
							],
							"path": [
								"login"
							]
						},
						"description": "If a user is loggedin the username will be returned"
					},
					"response": [
						{
							"name": "Logged out",
							"originalRequest": {
								"method": "GET",
								"header": [
									{
										"description": {
											"content": "Authorization token (provided upon successful login)",
											"type": "text/plain"
										},
										"key": "Authorization",
										"value": "<string>"
									}
								],
								"url": {
									"raw": "{{baseUrl}}/login",
									"host": [
										"{{baseUrl}}"
									],
									"path": [
										"login"
									]
								}
							},
							"status": "Unauthorized",
							"code": 401,
							"_postman_previewlanguage": "text",
							"header": [
								{
									"key": "Content-Type",
									"value": "text/plain"
								}
							],
							"cookie": [],
							"body": ""
						},
						{
							"name": "Logged in",
							"originalRequest": {
								"method": "GET",
								"header": [
									{
										"description": {
											"content": "Authorization token (provided upon successful login)",
											"type": "text/plain"
										},
										"key": "Authorization",
										"value": "<string>"
									}
								],
								"url": {
									"raw": "{{baseUrl}}/login",
									"host": [
										"{{baseUrl}}"
									],
									"path": [
										"login"
									]
								}
							},
							"status": "OK",
							"code": 200,
							"_postman_previewlanguage": "text",
							"header": [
								{
									"key": "Content-Type",
									"value": "text/plain"
								}
							],
							"cookie": [],
							"body": ""
						}
					]
				}
			]
		},
		{
			"name": "account",
			"item": [
				{
					"name": "{account No}",
					"item": [
						{
							"name": "transactions",
							"item": [
								{
									"name": "show Last Ten Transactions",
									"request": {
										"auth": {
											"type": "noauth"
										},
										"method": "GET",
										"header": [
											{
												"key": "Authorization",
												"value": "{{AuthorizationToken}}",
												"description": "Authorization token (provided upon successful login)"
											}
										],
										"url": {
											"raw": "{{baseUrl}}/account/:accountNo/transactions",
											"host": [
												"{{baseUrl}}"
											],
											"path": [
												"account",
												":accountNo",
												"transactions"
											],
											"variable": [
												{
													"key": "accountNo",
													"value": "800002",
													"description": "Account id"
												}
											]
										},
										"description": "Returns the last 10 transactions attached to an account"
									},
									"response": [
										{
											"name": "Unauthorized request",
											"originalRequest": {
												"method": "GET",
												"header": [
													{
														"description": {
															"content": "Authorization token (provided upon successful login)",
															"type": "text/plain"
														},
														"key": "Authorization",
														"value": "<string>"
													}
												],
												"url": {
													"raw": "{{baseUrl}}/account/<string>/transactions",
													"host": [
														"{{baseUrl}}"
													],
													"path": [
														"account",
														"<string>",
														"transactions"
													]
												}
											},
											"status": "Unauthorized",
											"code": 401,
											"_postman_previewlanguage": "text",
											"header": [
												{
													"key": "Content-Type",
													"value": "text/plain"
												}
											],
											"cookie": [],
											"body": ""
										},
										{
											"name": "Internal server error",
											"originalRequest": {
												"method": "GET",
												"header": [
													{
														"description": {
															"content": "Authorization token (provided upon successful login)",
															"type": "text/plain"
														},
														"key": "Authorization",
														"value": "<string>"
													}
												],
												"url": {
													"raw": "{{baseUrl}}/account/<string>/transactions",
													"host": [
														"{{baseUrl}}"
													],
													"path": [
														"account",
														"<string>",
														"transactions"
													]
												}
											},
											"status": "Internal Server Error",
											"code": 500,
											"_postman_previewlanguage": "text",
											"header": [
												{
													"key": "Content-Type",
													"value": "text/plain"
												}
											],
											"cookie": [],
											"body": ""
										},
										{
											"name": "Successful operation",
											"originalRequest": {
												"method": "GET",
												"header": [
													{
														"description": {
															"content": "Authorization token (provided upon successful login)",
															"type": "text/plain"
														},
														"key": "Authorization",
														"value": "<string>"
													}
												],
												"url": {
													"raw": "{{baseUrl}}/account/<string>/transactions",
													"host": [
														"{{baseUrl}}"
													],
													"path": [
														"account",
														"<string>",
														"transactions"
													]
												}
											},
											"status": "OK",
											"code": 200,
											"_postman_previewlanguage": "text",
											"header": [
												{
													"key": "Content-Type",
													"value": "text/plain"
												}
											],
											"cookie": [],
											"body": ""
										}
									]
								},
								{
									"name": "get Transactions",
									"request": {
										"auth": {
											"type": "noauth"
										},
										"method": "POST",
										"header": [
											{
												"key": "Authorization",
												"value": "{{AuthorizationToken}}",
												"description": "Authorization token (provided upon successful login)"
											},
											{
												"key": "Content-Type",
												"value": "application/json"
											}
										],
										"body": {
											"mode": "raw",
											"raw": "{\n    \"startDate\": \"\",\n    \"endDate\": \"\"\n}"
										},
										"url": {
											"raw": "{{baseUrl}}/account/:accountNo/transactions",
											"host": [
												"{{baseUrl}}"
											],
											"path": [
												"account",
												":accountNo",
												"transactions"
											],
											"variable": [
												{
													"key": "accountNo",
													"value": "800002",
													"description": "Account id"
												}
											]
										},
										"description": "Return transactions between 2 specific dates"
									},
									"response": [
										{
											"name": "Internal server error",
											"originalRequest": {
												"method": "POST",
												"header": [
													{
														"description": {
															"content": "Authorization token (provided upon successful login)",
															"type": "text/plain"
														},
														"key": "Authorization",
														"value": "<string>"
													},
													{
														"key": "Content-Type",
														"value": "application/json"
													}
												],
												"body": {
													"mode": "raw",
													"raw": "{\n    \"startDate\": \"<date>\",\n    \"endDate\": \"<date>\"\n}"
												},
												"url": {
													"raw": "{{baseUrl}}/account/<string>/transactions",
													"host": [
														"{{baseUrl}}"
													],
													"path": [
														"account",
														"<string>",
														"transactions"
													]
												}
											},
											"status": "Not Implemented",
											"code": 501,
											"_postman_previewlanguage": "text",
											"header": [
												{
													"key": "Content-Type",
													"value": "text/plain"
												}
											],
											"cookie": [],
											"body": ""
										},
										{
											"name": "Successful operation",
											"originalRequest": {
												"method": "POST",
												"header": [
													{
														"description": {
															"content": "Authorization token (provided upon successful login)",
															"type": "text/plain"
														},
														"key": "Authorization",
														"value": "<string>"
													},
													{
														"key": "Content-Type",
														"value": "application/json"
													}
												],
												"body": {
													"mode": "raw",
													"raw": "{\n    \"startDate\": \"<date>\",\n    \"endDate\": \"<date>\"\n}"
												},
												"url": {
													"raw": "{{baseUrl}}/account/<string>/transactions",
													"host": [
														"{{baseUrl}}"
													],
													"path": [
														"account",
														"<string>",
														"transactions"
													]
												}
											},
											"status": "OK",
											"code": 200,
											"_postman_previewlanguage": "text",
											"header": [
												{
													"key": "Content-Type",
													"value": "text/plain"
												}
											],
											"cookie": [],
											"body": ""
										},
										{
											"name": "Unauthorized request",
											"originalRequest": {
												"method": "POST",
												"header": [
													{
														"description": {
															"content": "Authorization token (provided upon successful login)",
															"type": "text/plain"
														},
														"key": "Authorization",
														"value": "<string>"
													},
													{
														"key": "Content-Type",
														"value": "application/json"
													}
												],
												"body": {
													"mode": "raw",
													"raw": "{\n    \"startDate\": \"<date>\",\n    \"endDate\": \"<date>\"\n}"
												},
												"url": {
													"raw": "{{baseUrl}}/account/<string>/transactions",
													"host": [
														"{{baseUrl}}"
													],
													"path": [
														"account",
														"<string>",
														"transactions"
													]
												}
											},
											"status": "Unauthorized",
											"code": 401,
											"_postman_previewlanguage": "text",
											"header": [
												{
													"key": "Content-Type",
													"value": "text/plain"
												}
											],
											"cookie": [],
											"body": ""
										},
										{
											"name": "Bad parameters: Please check provided values",
											"originalRequest": {
												"method": "POST",
												"header": [
													{
														"description": {
															"content": "Authorization token (provided upon successful login)",
															"type": "text/plain"
														},
														"key": "Authorization",
														"value": "<string>"
													},
													{
														"key": "Content-Type",
														"value": "application/json"
													}
												],
												"body": {
													"mode": "raw",
													"raw": "{\n    \"startDate\": \"<date>\",\n    \"endDate\": \"<date>\"\n}"
												},
												"url": {
													"raw": "{{baseUrl}}/account/<string>/transactions",
													"host": [
														"{{baseUrl}}"
													],
													"path": [
														"account",
														"<string>",
														"transactions"
													]
												}
											},
											"status": "Bad Request",
											"code": 400,
											"_postman_previewlanguage": "text",
											"header": [
												{
													"key": "Content-Type",
													"value": "text/plain"
												}
											],
											"cookie": [],
											"body": ""
										}
									]
								}
							]
						},
						{
							"name": "get Account Balance",
							"request": {
								"auth": {
									"type": "noauth"
								},
								"method": "GET",
								"header": [
									{
										"key": "Authorization",
										"value": "{{AuthorizationToken}}",
										"description": "Authorization token (provided upon successful login)"
									}
								],
								"url": {
									"raw": "{{baseUrl}}/account/:accountNo",
									"host": [
										"{{baseUrl}}"
									],
									"path": [
										"account",
										":accountNo"
									],
									"variable": [
										{
											"key": "accountNo",
											"value": "800002",
											"description": "Account id"
										}
									]
								},
								"description": "Returns details about a specific account"
							},
							"response": [
								{
									"name": "Unauthorized request",
									"originalRequest": {
										"method": "GET",
										"header": [
											{
												"description": {
													"content": "Authorization token (provided upon successful login)",
													"type": "text/plain"
												},
												"key": "Authorization",
												"value": "<string>"
											}
										],
										"url": {
											"raw": "{{baseUrl}}/account/<string>",
											"host": [
												"{{baseUrl}}"
											],
											"path": [
												"account",
												"<string>"
											]
										}
									},
									"status": "Unauthorized",
									"code": 401,
									"_postman_previewlanguage": "text",
									"header": [
										{
											"key": "Content-Type",
											"value": "text/plain"
										}
									],
									"cookie": [],
									"body": ""
								},
								{
									"name": "Internal server error",
									"originalRequest": {
										"method": "GET",
										"header": [
											{
												"description": {
													"content": "Authorization token (provided upon successful login)",
													"type": "text/plain"
												},
												"key": "Authorization",
												"value": "<string>"
											}
										],
										"url": {
											"raw": "{{baseUrl}}/account/<string>",
											"host": [
												"{{baseUrl}}"
											],
											"path": [
												"account",
												"<string>"
											]
										}
									},
									"status": "Internal Server Error",
									"code": 500,
									"_postman_previewlanguage": "text",
									"header": [
										{
											"key": "Content-Type",
											"value": "text/plain"
										}
									],
									"cookie": [],
									"body": ""
								},
								{
									"name": "Successful operation",
									"originalRequest": {
										"method": "GET",
										"header": [
											{
												"description": {
													"content": "Authorization token (provided upon successful login)",
													"type": "text/plain"
												},
												"key": "Authorization",
												"value": "<string>"
											}
										],
										"url": {
											"raw": "{{baseUrl}}/account/<string>",
											"host": [
												"{{baseUrl}}"
											],
											"path": [
												"account",
												"<string>"
											]
										}
									},
									"status": "OK",
									"code": 200,
									"_postman_previewlanguage": "text",
									"header": [
										{
											"key": "Content-Type",
											"value": "text/plain"
										}
									],
									"cookie": [],
									"body": ""
								}
							]
						}
					]
				},
				{
					"name": "get Account",
					"request": {
						"auth": {
							"type": "noauth"
						},
						"method": "GET",
						"header": [
							{
								"key": "Authorization",
								"value": "{{AuthorizationToken}}",
								"description": "Authorization token (provided upon successful login)"
							}
						],
						"url": {
							"raw": "{{baseUrl}}/account",
							"host": [
								"{{baseUrl}}"
							],
							"path": [
								"account"
							]
						},
						"description": "Returns a list of all the accounts owned by the user"
					},
					"response": [
						{
							"name": "Internal server error",
							"originalRequest": {
								"method": "GET",
								"header": [
									{
										"description": {
											"content": "Authorization token (provided upon successful login)",
											"type": "text/plain"
										},
										"key": "Authorization",
										"value": "<string>"
									}
								],
								"url": {
									"raw": "{{baseUrl}}/account",
									"host": [
										"{{baseUrl}}"
									],
									"path": [
										"account"
									]
								}
							},
							"status": "Internal Server Error",
							"code": 500,
							"_postman_previewlanguage": "text",
							"header": [
								{
									"key": "Content-Type",
									"value": "text/plain"
								}
							],
							"cookie": [],
							"body": ""
						},
						{
							"name": "Unauthorized request",
							"originalRequest": {
								"method": "GET",
								"header": [
									{
										"description": {
											"content": "Authorization token (provided upon successful login)",
											"type": "text/plain"
										},
										"key": "Authorization",
										"value": "<string>"
									}
								],
								"url": {
									"raw": "{{baseUrl}}/account",
									"host": [
										"{{baseUrl}}"
									],
									"path": [
										"account"
									]
								}
							},
							"status": "Unauthorized",
							"code": 401,
							"_postman_previewlanguage": "text",
							"header": [
								{
									"key": "Content-Type",
									"value": "text/plain"
								}
							],
							"cookie": [],
							"body": ""
						},
						{
							"name": "Successful operation",
							"originalRequest": {
								"method": "GET",
								"header": [
									{
										"description": {
											"content": "Authorization token (provided upon successful login)",
											"type": "text/plain"
										},
										"key": "Authorization",
										"value": "<string>"
									}
								],
								"url": {
									"raw": "{{baseUrl}}/account",
									"host": [
										"{{baseUrl}}"
									],
									"path": [
										"account"
									]
								}
							},
							"status": "OK",
							"code": 200,
							"_postman_previewlanguage": "text",
							"header": [
								{
									"key": "Content-Type",
									"value": "text/plain"
								}
							],
							"cookie": [],
							"body": ""
						}
					]
				}
			]
		},
		{
			"name": "feedback",
			"item": [
				{
					"name": "send Feedback",
					"request": {
						"auth": {
							"type": "noauth"
						},
						"method": "POST",
						"header": [
							{
								"key": "Content-Type",
								"value": "application/json"
							}
						],
						"body": {
							"mode": "raw",
							"raw": "{\n    \"name\": \"Pradeep\",\n    \"email\": \"test@test.com\",\n    \"subject\": \"Test\",\n    \"message\": \"Good\"\n}"
						},
						"url": {
							"raw": "{{baseUrl}}/feedback/submit",
							"host": [
								"{{baseUrl}}"
							],
							"path": [
								"feedback",
								"submit"
							]
						},
						"description": "Submit feedback for the bank"
					},
					"response": [
						{
							"name": "Internal server error",
							"originalRequest": {
								"method": "POST",
								"header": [
									{
										"key": "Content-Type",
										"value": "application/json"
									}
								],
								"body": {
									"mode": "raw",
									"raw": "{\n    \"name\": \"<string>\",\n    \"email\": \"<email>\",\n    \"subject\": \"<string>\",\n    \"message\": \"<string>\"\n}"
								},
								"url": {
									"raw": "{{baseUrl}}/feedback/submit",
									"host": [
										"{{baseUrl}}"
									],
									"path": [
										"feedback",
										"submit"
									]
								}
							},
							"status": "Internal Server Error",
							"code": 500,
							"_postman_previewlanguage": "text",
							"header": [
								{
									"key": "Content-Type",
									"value": "text/plain"
								}
							],
							"cookie": [],
							"body": ""
						},
						{
							"name": "Unauthorized request",
							"originalRequest": {
								"method": "POST",
								"header": [
									{
										"key": "Content-Type",
										"value": "application/json"
									}
								],
								"body": {
									"mode": "raw",
									"raw": "{\n    \"name\": \"<string>\",\n    \"email\": \"<email>\",\n    \"subject\": \"<string>\",\n    \"message\": \"<string>\"\n}"
								},
								"url": {
									"raw": "{{baseUrl}}/feedback/submit",
									"host": [
										"{{baseUrl}}"
									],
									"path": [
										"feedback",
										"submit"
									]
								}
							},
							"status": "Unauthorized",
							"code": 401,
							"_postman_previewlanguage": "text",
							"header": [
								{
									"key": "Content-Type",
									"value": "text/plain"
								}
							],
							"cookie": [],
							"body": ""
						},
						{
							"name": "Successful operation",
							"originalRequest": {
								"method": "POST",
								"header": [
									{
										"key": "Content-Type",
										"value": "application/json"
									}
								],
								"body": {
									"mode": "raw",
									"raw": "{\n    \"name\": \"<string>\",\n    \"email\": \"<email>\",\n    \"subject\": \"<string>\",\n    \"message\": \"<string>\"\n}"
								},
								"url": {
									"raw": "{{baseUrl}}/feedback/submit",
									"host": [
										"{{baseUrl}}"
									],
									"path": [
										"feedback",
										"submit"
									]
								}
							},
							"status": "OK",
							"code": 200,
							"_postman_previewlanguage": "text",
							"header": [
								{
									"key": "Content-Type",
									"value": "text/plain"
								}
							],
							"cookie": [],
							"body": ""
						}
					]
				},
				{
					"name": "get Feedback",
					"request": {
						"auth": {
							"type": "noauth"
						},
						"method": "GET",
						"header": [
							{
								"key": "Authorization",
								"value": "{{AuthorizationToken}}",
								"description": "Authorization token (provided upon successful login)"
							}
						],
						"url": {
							"raw": "{{baseUrl}}/feedback/:feedbackId",
							"host": [
								"{{baseUrl}}"
							],
							"path": [
								"feedback",
								":feedbackId"
							],
							"variable": [
								{
									"key": "feedbackId",
									"value": "<string>",
									"description": {
										"content": "",
										"type": "text/plain"
									}
								}
							]
						},
						"description": "Retrieve feedback"
					},
					"response": [
						{
							"name": "Successful operation",
							"originalRequest": {
								"method": "GET",
								"header": [
									{
										"description": {
											"content": "Authorization token (provided upon successful login)",
											"type": "text/plain"
										},
										"key": "Authorization",
										"value": "<string>"
									}
								],
								"url": {
									"raw": "{{baseUrl}}/feedback/<string>",
									"host": [
										"{{baseUrl}}"
									],
									"path": [
										"feedback",
										"<string>"
									]
								}
							},
							"status": "OK",
							"code": 200,
							"_postman_previewlanguage": "text",
							"header": [
								{
									"key": "Content-Type",
									"value": "text/plain"
								}
							],
							"cookie": [],
							"body": ""
						},
						{
							"name": "Unauthorized request",
							"originalRequest": {
								"method": "GET",
								"header": [
									{
										"description": {
											"content": "Authorization token (provided upon successful login)",
											"type": "text/plain"
										},
										"key": "Authorization",
										"value": "<string>"
									}
								],
								"url": {
									"raw": "{{baseUrl}}/feedback/<string>",
									"host": [
										"{{baseUrl}}"
									],
									"path": [
										"feedback",
										"<string>"
									]
								}
							},
							"status": "Unauthorized",
							"code": 401,
							"_postman_previewlanguage": "text",
							"header": [
								{
									"key": "Content-Type",
									"value": "text/plain"
								}
							],
							"cookie": [],
							"body": ""
						},
						{
							"name": "Bad parameters: Please check provided values",
							"originalRequest": {
								"method": "GET",
								"header": [
									{
										"description": {
											"content": "Authorization token (provided upon successful login)",
											"type": "text/plain"
										},
										"key": "Authorization",
										"value": "<string>"
									}
								],
								"url": {
									"raw": "{{baseUrl}}/feedback/<string>",
									"host": [
										"{{baseUrl}}"
									],
									"path": [
										"feedback",
										"<string>"
									]
								}
							},
							"status": "Bad Request",
							"code": 400,
							"_postman_previewlanguage": "text",
							"header": [
								{
									"key": "Content-Type",
									"value": "text/plain"
								}
							],
							"cookie": [],
							"body": ""
						},
						{
							"name": "Internal server error",
							"originalRequest": {
								"method": "GET",
								"header": [
									{
										"description": {
											"content": "Authorization token (provided upon successful login)",
											"type": "text/plain"
										},
										"key": "Authorization",
										"value": "<string>"
									}
								],
								"url": {
									"raw": "{{baseUrl}}/feedback/<string>",
									"host": [
										"{{baseUrl}}"
									],
									"path": [
										"feedback",
										"<string>"
									]
								}
							},
							"status": "Internal Server Error",
							"code": 500,
							"_postman_previewlanguage": "text",
							"header": [
								{
									"key": "Content-Type",
									"value": "text/plain"
								}
							],
							"cookie": [],
							"body": ""
						}
					]
				}
			]
		},
		{
			"name": "trasnfer",
			"request": {
				"auth": {
					"type": "noauth"
				},
				"method": "POST",
				"header": [
					{
						"key": "Authorization",
						"value": "<string>",
						"description": "Authorization token (provided upon successful login)"
					},
					{
						"key": "Content-Type",
						"value": "application/json"
					}
				],
				"body": {
					"mode": "raw",
					"raw": "{\n    \"toAccount\": \"<string>\",\n    \"fromAccount\": \"<string>\",\n    \"transferAmount\": \"<string>\"\n}"
				},
				"url": {
					"raw": "{{baseUrl}}/transfer",
					"host": [
						"{{baseUrl}}"
					],
					"path": [
						"transfer"
					]
				},
				"description": "Transfer money between two accounts"
			},
			"response": [
				{
					"name": "Internal server error",
					"originalRequest": {
						"method": "POST",
						"header": [
							{
								"description": {
									"content": "Authorization token (provided upon successful login)",
									"type": "text/plain"
								},
								"key": "Authorization",
								"value": "<string>"
							},
							{
								"key": "Content-Type",
								"value": "application/json"
							}
						],
						"body": {
							"mode": "raw",
							"raw": "{\n    \"toAccount\": \"<string>\",\n    \"fromAccount\": \"<string>\",\n    \"transferAmount\": \"<string>\"\n}"
						},
						"url": {
							"raw": "{{baseUrl}}/transfer",
							"host": [
								"{{baseUrl}}"
							],
							"path": [
								"transfer"
							]
						}
					},
					"status": "Not Implemented",
					"code": 501,
					"_postman_previewlanguage": "text",
					"header": [
						{
							"key": "Content-Type",
							"value": "text/plain"
						}
					],
					"cookie": [],
					"body": ""
				},
				{
					"name": "Successful operation",
					"originalRequest": {
						"method": "POST",
						"header": [
							{
								"description": {
									"content": "Authorization token (provided upon successful login)",
									"type": "text/plain"
								},
								"key": "Authorization",
								"value": "<string>"
							},
							{
								"key": "Content-Type",
								"value": "application/json"
							}
						],
						"body": {
							"mode": "raw",
							"raw": "{\n    \"toAccount\": \"<string>\",\n    \"fromAccount\": \"<string>\",\n    \"transferAmount\": \"<string>\"\n}"
						},
						"url": {
							"raw": "{{baseUrl}}/transfer",
							"host": [
								"{{baseUrl}}"
							],
							"path": [
								"transfer"
							]
						}
					},
					"status": "OK",
					"code": 200,
					"_postman_previewlanguage": "text",
					"header": [
						{
							"key": "Content-Type",
							"value": "text/plain"
						}
					],
					"cookie": [],
					"body": ""
				},
				{
					"name": "Bad parameters: Please check provided values",
					"originalRequest": {
						"method": "POST",
						"header": [
							{
								"description": {
									"content": "Authorization token (provided upon successful login)",
									"type": "text/plain"
								},
								"key": "Authorization",
								"value": "<string>"
							},
							{
								"key": "Content-Type",
								"value": "application/json"
							}
						],
						"body": {
							"mode": "raw",
							"raw": "{\n    \"toAccount\": \"<string>\",\n    \"fromAccount\": \"<string>\",\n    \"transferAmount\": \"<string>\"\n}"
						},
						"url": {
							"raw": "{{baseUrl}}/transfer",
							"host": [
								"{{baseUrl}}"
							],
							"path": [
								"transfer"
							]
						}
					},
					"status": "Bad Request",
					"code": 400,
					"_postman_previewlanguage": "text",
					"header": [
						{
							"key": "Content-Type",
							"value": "text/plain"
						}
					],
					"cookie": [],
					"body": ""
				}
			]
		},
		{
			"name": "do Log Out",
			"request": {
				"auth": {
					"type": "noauth"
				},
				"method": "GET",
				"header": [],
				"url": {
					"raw": "{{baseUrl}}/logout",
					"host": [
						"{{baseUrl}}"
					],
					"path": [
						"logout"
					]
				},
				"description": "Logout from the bank"
			},
			"response": [
				{
					"name": "Successful operation",
					"originalRequest": {
						"method": "GET",
						"header": [],
						"url": {
							"raw": "{{baseUrl}}/logout",
							"host": [
								"{{baseUrl}}"
							],
							"path": [
								"logout"
							]
						}
					},
					"status": "OK",
					"code": 200,
					"_postman_previewlanguage": "text",
					"header": [
						{
							"key": "Content-Type",
							"value": "text/plain"
						}
					],
					"cookie": [],
					"body": ""
				},
				{
					"name": "Unauthorized request ",
					"originalRequest": {
						"method": "GET",
						"header": [],
						"url": {
							"raw": "{{baseUrl}}/logout",
							"host": [
								"{{baseUrl}}"
							],
							"path": [
								"logout"
							]
						}
					},
					"status": "Internal Server Error",
					"code": 500,
					"_postman_previewlanguage": "text",
					"header": [
						{
							"key": "Content-Type",
							"value": "text/plain"
						}
					],
					"cookie": [],
					"body": ""
				}
			]
		}
	],
	"event": [
		{
			"listen": "prerequest",
			"script": {
				"type": "text/javascript",
				"exec": [
					""
				]
			}
		},
		{
			"listen": "test",
			"script": {
				"type": "text/javascript",
				"exec": [
					""
				]
			}
		}
	],
	"variable": [
		{
			"key": "baseUrl",
			"value": "/api"
		}
	]
}