{
	"id": "1ceb7696-d2e8-46ee-9c97-984ed2826ab9",
	"name": "AltoroJ",
	"values": [
		{
			"key": "baseUrl",
			"value": "https://demo.testfire.net/api",
			"enabled": true
		},
		{
			"key": "AuthorizationToken",
			"value": "YW5OdGFYUm86WkdWdGJ6RXlNelE9OhA/BAE/HA==",
			"enabled": true
		},
		{
			"key": "HTTP_PROXY",
			"value": "localhost:1003",
			"enabled": false
		},
		{
			"key": "HTTPS_PROXY",
			"value": "localhost:1003",
			"enabled": false
		}
	],
	"_postman_variable_scope": "environment",
	"_postman_exported_at": "2021-09-20T04:57:48.231Z",
	"_postman_exported_using": "Postman/7.36.5"
}