{
	"info": {
		"_postman_id": "75560d8f-3220-40b5-82e0-1e3915ea1f1f",
		"name": "Altoro-Login",
		"schema": "https://schema.getpostman.com/json/collection/v2.1.0/collection.json"
	},
	"item": [
		{
			"name": "Login method Copy",
			"event": [
				{
					"listen": "test",
					"script": {
						"exec": [
							"var jsonData = JSON.parse(responseBody);",
							"var AuthorizationToken = jsonData[\"Authorization\"];",
							"console.log(AuthorizationToken);",
							"pm.variables.set(\"AuthorizationToken\", AuthorizationToken);"
						],
						"type": "text/javascript"
					}
				}
			],
			"request": {
				"auth": {
					"type": "noauth"
				},
				"method": "POST",
				"header": [
					{
						"key": "Content-Type",
						"value": "application/json"
					}
				],
				"body": {
					"mode": "raw",
					"raw": "{\n    \"username\": \"jsmith\",\n    \"password\": \"demo1234\"\n}"
				},
				"url": {
					"raw": "{{baseUrl}}/login",
					"host": [
						"{{baseUrl}}"
					],
					"path": [
						"login"
					]
				},
				"description": "After a successful login a token is returned. This is a Bearer token. To authenticate with it use the Authorization header and set value to Bearer empty space and the token value."
			},
			"response": [
				{
					"name": "Success message when login is complete",
					"originalRequest": {
						"method": "POST",
						"header": [
							{
								"key": "Content-Type",
								"value": "application/json"
							}
						],
						"body": {
							"mode": "raw",
							"raw": "{\n    \"username\": \"<string>\",\n    \"password\": \"<string>\"\n}"
						},
						"url": {
							"raw": "{{baseUrl}}/login",
							"host": [
								"{{baseUrl}}"
							],
							"path": [
								"login"
							]
						}
					},
					"status": "OK",
					"code": 200,
					"_postman_previewlanguage": "text",
					"header": [
						{
							"key": "Content-Type",
							"value": "text/plain"
						}
					],
					"cookie": [],
					"body": ""
				},
				{
					"name": "Bad parameters: Please check provided values",
					"originalRequest": {
						"method": "POST",
						"header": [
							{
								"key": "Content-Type",
								"value": "application/json"
							}
						],
						"body": {
							"mode": "raw",
							"raw": "{\n    \"username\": \"<string>\",\n    \"password\": \"<string>\"\n}"
						},
						"url": {
							"raw": "{{baseUrl}}/login",
							"host": [
								"{{baseUrl}}"
							],
							"path": [
								"login"
							]
						}
					},
					"status": "Bad Request",
					"code": 400,
					"_postman_previewlanguage": "text",
					"header": [
						{
							"key": "Content-Type",
							"value": "text/plain"
						}
					],
					"cookie": [],
					"body": ""
				},
				{
					"name": "Internal server error: Please see error message or logs for details",
					"originalRequest": {
						"method": "POST",
						"header": [
							{
								"key": "Content-Type",
								"value": "application/json"
							}
						],
						"body": {
							"mode": "raw",
							"raw": "{\n    \"username\": \"<string>\",\n    \"password\": \"<string>\"\n}"
						},
						"url": {
							"raw": "{{baseUrl}}/login",
							"host": [
								"{{baseUrl}}"
							],
							"path": [
								"login"
							]
						}
					},
					"status": "Internal Server Error",
					"code": 500,
					"_postman_previewlanguage": "text",
					"header": [
						{
							"key": "Content-Type",
							"value": "text/plain"
						}
					],
					"cookie": [],
					"body": ""
				}
			]
		},
		{
			"name": "Check if any user is logged in Copy",
			"request": {
				"auth": {
					"type": "noauth"
				},
				"method": "GET",
				"header": [
					{
						"key": "Authorization",
						"value": "{{AuthorizationToken}}",
						"description": "Authorization token (provided upon successful login)"
					}
				],
				"url": {
					"raw": "{{baseUrl}}/login",
					"host": [
						"{{baseUrl}}"
					],
					"path": [
						"login"
					]
				},
				"description": "If a user is loggedin the username will be returned"
			},
			"response": [
				{
					"name": "Logged out",
					"originalRequest": {
						"method": "GET",
						"header": [
							{
								"description": {
									"content": "Authorization token (provided upon successful login)",
									"type": "text/plain"
								},
								"key": "Authorization",
								"value": "<string>"
							}
						],
						"url": {
							"raw": "{{baseUrl}}/login",
							"host": [
								"{{baseUrl}}"
							],
							"path": [
								"login"
							]
						}
					},
					"status": "Unauthorized",
					"code": 401,
					"_postman_previewlanguage": "text",
					"header": [
						{
							"key": "Content-Type",
							"value": "text/plain"
						}
					],
					"cookie": [],
					"body": ""
				},
				{
					"name": "Logged in",
					"originalRequest": {
						"method": "GET",
						"header": [
							{
								"description": {
									"content": "Authorization token (provided upon successful login)",
									"type": "text/plain"
								},
								"key": "Authorization",
								"value": "<string>"
							}
						],
						"url": {
							"raw": "{{baseUrl}}/login",
							"host": [
								"{{baseUrl}}"
							],
							"path": [
								"login"
							]
						}
					},
					"status": "OK",
					"code": 200,
					"_postman_previewlanguage": "text",
					"header": [
						{
							"key": "Content-Type",
							"value": "text/plain"
						}
					],
					"cookie": [],
					"body": ""
				}
			]
		}
	]
}